<?xml version="1.0" encoding="UTF-8"?>
<modification>
   <id>allPay Logistic</id>
   <version>1.0.0131</version>
   <vqmver>2.X</vqmver>
   <author>allPay</author>
   <file name="catalog/view/theme/*/template/checkout/shipping_method.tpl">
       <operation info="shipping info">
           <search position="top"><![CDATA[
           <p><strong><?php echo $text_comments; ?></strong></p>
           ]]></search>
           <add><![CDATA[
           <?php include_once("catalog/controller/shipping/allpaylogistic_input.php");?>
           ]]></add>
       </operation>
   </file>
   <file name="catalog/view/theme/*/template/checkout/payment_method.tpl">
       <operation info="shipping info">
           <search position="top"><![CDATA[
           <p><strong><?php echo $text_comments; ?></strong></p>
           ]]></search>
           <add><![CDATA[
           <?php include_once("catalog/controller/payment/allpaylogistic_payment.php");?>
           ]]></add>
       </operation>
   </file>
   <file name="catalog/controller/checkout/confirm.php">
       <operation info="shipping info">
           <search position="before"><![CDATA[
           $this->session->data['order_id'] = $this->model_checkout_order->addOrder($order_data);
           ]]></search>
           <add><![CDATA[
           include_once("catalog/controller/shipping/allpaylogistic_save.php");
           ]]></add>
       </operation>
   </file>
   <file name="admin/controller/sale/order.php">
       <operation info="shipping info" error="skip">
           <search position="before"><![CDATA[
           $this->response->setOutput($this->load->view('sale/order_info.tpl', $data));
           ]]></search>
           <add><![CDATA[
           include_once("controller/sale/allpaylogistic_order.php");
           ]]></add>
       </operation>
   </file>
   <file name="admin/controller/sale/order.php">
       <operation info="shipping info" error="skip">
           <search position="before"><![CDATA[
           $this->response->setOutput($this->load->view('sale/order_info', $data));
           ]]></search>
           <add><![CDATA[
           include_once("controller/sale/allpaylogistic_order.php");
           ]]></add>
       </operation>
   </file>
   <file name="catalog/controller/account/order.php">
       <operation info="shipping info" error="skip">
           <search position="before"><![CDATA[
           if (file_exists(DIR_TEMPLATE . $this->config->get('config_template') . '/template/account/order_info.tpl')) {
           ]]></search>
           <add><![CDATA[
           include_once("catalog/controller/account/allpaylogistic_order.php");
           ]]></add>
       </operation>
   </file>
   <file name="catalog/controller/account/order.php">
       <operation info="shipping info" error="skip">
           <search position="before"><![CDATA[
           $this->response->setOutput($this->load->view('account/order_info', $data));
           ]]></search>
           <add><![CDATA[
           include_once("catalog/controller/account/allpaylogistic_order.php");
           ]]></add>
       </operation>
   </file>
</modification>
