<?xml version="1.0" encoding="UTF-8" ?>
<module>
	<name>allpay</name>
	<displayName><![CDATA[歐付寶整合金流]]></displayName>
	<version><![CDATA[1.0.0]]></version>
	<description><![CDATA[https://www.allpay.com.tw/]]></description>
	<author><![CDATA[allPay]]></author>
	<tab><![CDATA[payments_gateways]]></tab>
	<confirmUninstall><![CDATA[是否確定移除歐付寶整合金流模組]]></confirmUninstall>
	<is_configurable>1</is_configurable>
	<need_instance>1</need_instance>
	<limited_countries></limited_countries>
</module>